id,first_name,last_name,country,dob
1,Laughton,Rumens,Poland,1935-02-13
2,Trix,Connaughton,United States,1906-11-09
3,Chrysa,Vannucci,Czech Republic,2006-10-06
4,Alyss,Brandino,Poland,1971-07-11
5,Bill,Doutch,Ukraine,1906-04-15
6,Sherye,Elbourne,Czech Republic,1910-12-21
7,Paton,Larrington,Ukraine,1949-05-03
8,Port,Leith-Harvey,United States,1926-10-03
9,Julietta,Sives,Poland,1932-11-29
10,Jarred,McEvay,Czech Republic,1925-08-11
11,Arnoldo,Froud,Poland,1958-10-28
12,Nickie,Blodgetts,Poland,1920-06-27
13,Hermann,Votier,Czech Republic,1906-11-16
14,Jerad,Petrillo,Ukraine,1976-10-21
15,Burton,Pizey,Ukraine,1953-05-14
16,Meta,Tilliard,Poland,1981-08-06
17,Corrie,Simmon,Germany,1905-03-24
18,Cloris,Medlen,United States,1923-03-13
19,Gaultiero,Meddemmen,United States,1941-04-19
20,Joice,Spellman,Netherlands,1967-12-02
21,Collette,Poppy,Ukraine,1977-03-21
22,Kameko,Somerbell,Czech Republic,1966-04-19
23,Boonie,Kennicott,Poland,1995-09-28
24,Andre,Medlar,Czech Republic,1910-05-15
25,Buckie,Joskovitch,Ukraine,1929-02-28
26,Yolane,Walthew,United States,1959-05-26
27,Adrien,Hitschke,Ukraine,1905-02-13
28,Danica,Waycot,Poland,1925-09-14
29,Kile,Dyer,Ukraine,1912-07-23
30,Gary,Cellone,Poland,1998-12-08
31,Ollie,Lenormand,United States,1955-02-08
32,Suzann,Verdie,Ukraine,1977-05-29
33,Kasey,MacGillavery,Netherlands,1997-11-04
34,Scot,McGourty,Poland,1927-02-04
35,Jori,Horribine,Poland,1900-11-03
36,Ezekiel,Yitzhakof,Poland,1994-09-16
37,Loutitia,Bocke,United States,1938-10-10
38,Jayson,Haskett,Ukraine,1919-03-13
39,Rosanna,Pendlenton,Ukraine,1924-03-03
40,Andrea,Surmeyer,Czech Republic,1953-02-11
41,Hertha,Harrison,United States,1962-06-02
42,Marten,Forrest,Poland,1946-04-27
43,Cleo,Madelin,United Kingdom,1924-08-30
44,Karee,Avrashin,Ukraine,1951-08-20
45,Ester,Greet,Czech Republic,1941-05-21
46,Jacob,Simonson,Poland,1918-04-04
47,Erica,Sievewright,Czech Republic,1909-06-09
48,Pauletta,McReedy,Poland,1954-11-05
49,Saul,Lindenstrauss,Poland,1914-10-14
50,Skelly,Fri,Poland,1992-10-05
51,Filmore,Sillick,Czech Republic,1999-10-04
52,Devondra,Golton,United States,1959-10-07
53,Toma,Rivallant,United States,2001-09-27
54,Meade,Spenceley,Ukraine,1974-05-31
55,Viviene,Dulany,Czech Republic,1977-09-17
56,Ardath,Phipson,Poland,1975-01-18
57,Kenton,Sherborn,Poland,1976-04-05
58,Meyer,Pryell,Ukraine,1961-07-18
59,Theodora,Flaunders,Poland,1910-02-17
60,Casper,Silbersak,Czech Republic,1900-04-24
61,Bing,Feechan,Ukraine,1927-01-05
62,Fitz,Ballentime,Poland,1974-09-12
63,Mike,Tasseler,United States,1950-08-31
64,Theodor,Jackson,Czech Republic,2006-04-17
65,Jameson,MacLeese,Czech Republic,1987-10-06
66,Shelly,Thebes,United Kingdom,2006-05-17
67,Roosevelt,Brychan,Czech Republic,1963-03-07
68,Benedicta,Quincee,United States,1991-06-20
69,Harcourt,McClean,Germany,1994-11-28
70,Teodorico,Tooth,Poland,1918-01-13
71,Joletta,Wandrach,Ukraine,1945-03-31
72,Avie,Brumwell,Ukraine,1912-09-18
73,Krystyna,Gyngell,Poland,1960-02-09
74,Laure,Washbrook,Czech Republic,2004-05-17
75,Boy,Whieldon,Poland,1905-05-10
76,Paolina,Shreenan,Poland,1954-11-23
77,Owen,Van de Vlies,United States,2002-01-13
78,Carolee,Tigwell,Poland,1920-11-16
79,Taddeusz,Redish,United States,1959-09-11
80,Charity,Tripcony,Czech Republic,1966-04-10
81,Nissy,Carlucci,Poland,1965-01-29
82,Marnia,Saban,Poland,1944-07-03
83,Hobart,Ardley,United States,1997-03-22
84,Udell,Nussgen,Poland,1944-08-22
85,Pearle,Grelik,United States,1932-08-16
86,Lida,Tureville,Czech Republic,1902-11-11
87,Ianthe,Brekonridge,Czech Republic,1977-08-07
88,Arlyn,Carrick,Poland,1993-11-24
89,Maddy,Trousdell,Germany,1956-01-03
90,Brina,Sked,Poland,1931-05-18
91,Chandler,Ottey,Estonia,1916-01-27
92,Willamina,Botly,Czech Republic,2001-01-22
93,Arlen,Mews,Poland,1985-07-24
94,Ardys,Paolicchi,Poland,1979-12-12
95,Consalve,Mulvagh,Ukraine,1964-07-04
96,Dirk,Lowsely,United States,1910-11-05
97,Karel,Gilbard,Germany,1968-01-07
98,Loraine,Chamberlayne,Ukraine,1983-09-04
99,Barry,Naisbet,Czech Republic,1975-09-04
100,Liane,Kisbee,United States,2003-10-28
101,Verney,Mattiello,Poland,1918-06-03
102,Eadie,Vignaux,Poland,2000-11-10
103,Luciano,Merriday,Germany,1952-05-25
104,Casey,Gerdes,Poland,1924-12-16
105,Gunar,McDonogh,United States,1945-03-30
106,Carol,Antonnikov,Czech Republic,1958-09-19
107,Goran,Adrain,United States,1919-05-17
108,Josie,Chasmoor,Netherlands,1961-11-21
109,Holly,Evans,Poland,1974-03-03
110,Frazer,Ogers,Ukraine,1995-03-04
111,Darin,Yardley,Poland,1914-10-02
112,Lonee,Beever,Poland,1939-07-31
113,Teddy,Flowerdew,Germany,1995-06-24
114,Delinda,Inch,Poland,1995-05-27
115,Carlynn,Pideon,Czech Republic,1974-02-14
116,Arlyne,Merrell,Ukraine,1958-02-10
117,Demetra,Lergan,United States,1965-11-16
118,Isacco,Penwright,Czech Republic,1958-10-23
119,Donetta,Robart,Poland,1988-06-17
120,Liesa,Macci,Poland,1999-10-14
121,Tessie,Girardengo,United Kingdom,1978-01-14
122,Janet,Knath,United States,2000-11-28
123,Tom,Armatage,Poland,2002-01-05
124,Desiri,Lievesley,Estonia,1934-12-20
125,Doyle,Fawthorpe,Poland,1941-09-09
126,Sonni,Scarsbrook,United States,1911-11-15
127,Betta,Tonry,Poland,1975-03-07
128,Chloe,Maghull,Poland,1998-11-25
129,Shep,Crumley,United States,1956-02-19
130,Nerti,Attwill,Poland,1904-10-19
131,Verene,Biner,Ukraine,1961-10-16
132,Emili,Bome,Poland,1998-10-31
133,Joyous,Binnes,Poland,1968-08-13
134,Sallyanne,Rixon,Ukraine,1978-01-16
135,Eyde,Beverley,United Kingdom,1975-07-04
136,Kassie,Hanalan,Germany,1925-02-21
137,Lorrie,Poynton,Czech Republic,2005-02-03
138,Annissa,Millier,Poland,1991-10-02
139,Garwood,Mottram,Ukraine,1986-04-17
140,Dina,Schrieves,Czech Republic,1964-07-30
141,Courtney,Bysaker,United States,1984-07-17
142,Arthur,Cottel,United States,1928-04-05
143,Cindra,Normavill,Poland,1968-03-24
144,Chrissy,Kynd,Poland,1977-09-17
145,Carlene,Teece,Poland,1909-03-25
146,Gordie,Petegre,Ukraine,1971-01-25
147,Berenice,Lehr,Poland,1927-10-02
148,Darn,Yearby,Ukraine,1940-06-29
149,Aurlie,Mielnik,Poland,1985-12-20
150,Ivy,Clowney,Czech Republic,1941-05-07
