id,first_name,last_name,dob,registered,contact_id
1,Irene,Foxley,1993-07-10,2019-03-28,1
2,Yul,Angier,1968-02-08,2016-10-19,2
3,Jerry,Cullingford,1970-01-26,2018-11-11,3
4,Monah,Mattocks,1987-02-19,2019-10-02,4
5,Joyann,Prescot,1969-02-21,2014-08-13,5
6,Mollee,Rounds,2010-04-11,2020-02-28,6
7,Reinald,Hewertson,1999-04-12,2016-04-13,7
8,Marc,Withams,1992-09-05,2014-05-10,8
9,Lorrie,Moxstead,,2018-09-29,9
10,Mirna,Shwalbe,,2016-08-05,10
11,Corrina,Crennell,1965-08-12,2023-08-05,11
12,Kellie,Nuschke,1981-02-15,2015-05-13,12
13,Nevile,Yaus,1960-08-19,2020-11-16,13
14,Berty,Helwig,1991-06-03,2019-10-16,14
15,Dickie,Grieger,1964-08-27,2021-08-18,15
16,Nissa,Skelly,1967-01-15,2023-07-15,16
17,Claudianus,Durbyn,1959-09-25,2020-06-08,17
18,Debi,Efford,1962-10-21,2020-10-07,18
19,Celeste,Gerasch,1968-08-24,2021-03-14,19
20,Elsa,Stennine,,2021-10-30,20
21,Malissa,Ongin,1965-12-14,2020-11-26,21
22,Sean,Beaty,1976-03-18,2013-12-20,22
23,Adrienne,Rayer,1993-11-03,2019-05-10,23
24,Broddie,Pippin,2003-07-22,2016-09-12,24
25,Reiko,Cason,1984-03-24,2022-07-12,25
26,Georgianna,Sparham,1985-05-21,2017-08-13,26
27,Kirsten,Brownsall,2012-12-22,2015-04-12,27
28,Maryann,Harken,1988-01-30,2022-02-22,28
29,Corney,Gallie,2000-04-10,2019-01-09,29
30,Cecilia,Bentall,1991-05-09,2017-06-15,30
31,Tabbitha,Debnam,1989-04-06,2014-10-18,31
32,Lelia,Walworche,1993-04-23,2022-01-04,32
33,Denni,Benting,1977-10-14,2014-01-22,33
34,Mendie,Bosche,1986-04-06,2014-10-03,34
35,Stearn,Ughini,1996-12-11,2017-12-24,35
36,Randene,Liger,1971-05-15,2020-01-10,36
37,Mable,Brevitt,1970-01-11,2019-02-18,37
38,Francois,Shevlin,1997-07-04,2015-07-14,38
39,Corabella,Goldsby,2015-09-24,2019-02-15,39
40,Paulette,Wixey,1995-09-20,2019-06-21,40
41,Zebadiah,Rawsen,1999-01-14,2018-04-30,41
42,Daphne,Tiddy,2003-10-05,2017-07-31,42
43,Xever,Durgan,1989-11-19,2014-10-13,43
44,Shelba,Seeley,,2020-08-31,44
45,Portie,D'Antonio,1999-05-26,2020-10-30,45
46,Conny,Innwood,1966-12-27,2015-11-23,46
47,Tristam,MacCafferky,,2023-03-15,47
48,Meriel,Mickan,1977-11-18,2020-12-30,48
49,Sharla,Rosengart,2009-03-07,2021-11-17,49
50,Colette,Lillgard,2009-09-24,2021-10-18,50
51,Hallie,Wardhaw,1977-01-02,2023-06-23,51
52,Gertrudis,Braidman,1981-12-02,2016-10-19,52
53,Fredia,Goreisr,2014-02-19,2018-06-24,53
54,Jamill,Maude,1983-02-05,2018-04-21,54
55,Dore,Josselson,,2016-10-25,55
56,Anatola,Swindell,1973-06-01,2017-09-07,56
57,Lin,Bonnar,1979-08-20,2022-09-26,57
58,Paulo,Mabey,1986-06-24,2018-06-21,58
59,Sherrie,Bellenger,1969-08-06,2019-12-26,59
60,Chloris,Cornill,1967-06-12,2020-05-21,60
61,Colleen,Ricker,1993-07-21,2019-11-05,61
62,Lianne,Pittman,1978-09-12,2021-06-04,62
63,Elane,Balaam,,2023-06-21,63
64,Rafaelia,Pottberry,2013-05-30,2015-07-03,64
65,Deanne,Spybey,1971-05-26,2019-11-28,65
66,Raleigh,Hefford,1994-09-02,2022-11-18,66
67,Fara,Coxwell,,2019-01-07,67
68,Zarla,Gisburne,2000-12-20,2023-07-06,68
69,Angeline,Troillet,,2018-01-10,69
70,Manfred,Casacchia,1961-02-02,2018-02-20,70
71,Bar,Plampeyn,1961-07-02,2019-06-20,71
72,Whittaker,Flute,1991-09-08,2019-05-08,72
73,Bax,Sollon,2000-03-31,2020-11-27,73
74,Kizzee,Charlot,1993-06-14,2019-02-16,74
75,Dyane,Curcher,,2021-05-18,75
76,Kliment,Sherrocks,1964-10-07,2017-06-01,76
77,Cara,Crambie,1988-03-31,2019-11-20,77
78,Allie,Goshawke,2010-11-12,2016-09-13,78
79,Hussein,Aleksandrikin,1987-08-06,2019-08-07,79
80,Oates,Slyvester,2010-02-10,2020-01-09,80
81,Aubry,Bothwell,1992-02-24,2021-11-05,81
82,Clemente,Terbeck,1969-04-19,2017-05-20,82
83,Kristen,Maharry,1987-06-18,2018-11-20,83
84,Halli,Dooher,1988-07-01,2021-03-23,84
85,Maurene,Quinnette,1971-01-23,2018-08-31,85
86,Sherri,Pontin,1982-12-16,2019-02-25,86
87,Rosina,Flindall,1971-09-07,2020-05-05,87
88,Lori,Nicolls,1968-03-07,2017-10-17,88
89,Joey,Roj,1966-09-13,2018-04-03,89
90,Leia,Chettle,1967-02-05,2014-09-30,90
91,Alida,Solley,1982-07-07,2023-06-22,91
92,Cornela,Heatley,2008-03-28,2020-08-27,92
93,Norry,Affleck,1986-11-19,2019-06-25,93
94,Stella,Nelthropp,,2014-01-18,94
95,Ricard,MacIntyre,1979-08-11,2018-06-14,95
96,Bess,Cosley,,2018-01-25,96
97,Analise,Trudgian,1986-02-25,2020-01-16,97
98,Tamarah,Briston,1997-02-17,2018-04-02,98
99,Billi,Rankling,2002-10-31,2017-08-28,99
100,Sybyl,Finey,1966-01-13,2017-12-03,100
101,Joellyn,Gianotti,1996-03-15,2021-03-07,101
102,Faydra,Kaye,,2015-07-16,102
103,Cordelie,Malcher,2009-12-13,2022-02-23,103
104,Cherilyn,Grigsby,,2018-12-11,104
105,Kaitlynn,Dionsetti,1971-01-31,2021-02-07,105
106,Alair,Naul,2010-12-26,2019-02-17,106
107,Eleonora,Chatteris,,2020-12-08,107
108,Jemimah,Speaks,2002-07-24,2023-09-09,108
109,Hendrik,Ondrusek,1985-04-13,2017-01-31,109
110,Tamarra,Gourlay,1996-11-21,2017-08-18,110
111,Isaac,Sackes,1985-07-24,2015-01-04,111
112,Ailis,Mayhead,,2015-09-18,112
113,Perrine,Rugge,2005-08-21,2015-11-03,113
114,Kelcy,Jaques,2013-10-30,2016-03-21,114
115,Arlina,Philpots,1997-04-10,2020-08-20,115
116,Marty,McKune,1988-10-06,2021-06-20,116
117,Derron,Nunnerley,1985-08-09,2016-11-03,117
118,Octavius,Parradine,1972-10-06,2016-09-28,118
119,Raphael,Stit,2001-07-17,2016-12-31,119
120,Phoebe,Steade,1979-07-24,2015-05-05,120
121,Malissa,Ricco,1979-08-15,2020-09-18,121
122,Joly,Leeves,,2020-10-15,122
123,Lorant,Gealle,1977-05-15,2019-08-02,123
124,Cristobal,Rogister,2005-01-09,2020-07-27,124
125,Marcelle,Fearick,,2015-12-12,125
126,Erv,Turl,,2014-09-21,126
127,Nicole,Duddin,1972-03-30,2018-11-18,127
128,Towny,Dmtrovic,1998-03-03,2015-03-20,128
129,Eden,Barbie,2010-07-05,2022-05-24,129
130,Roderick,Dawber,1982-03-04,2022-04-18,130
131,Maribelle,Jeaycock,1995-05-19,2015-03-27,131
132,Fayth,Deares,1998-11-06,2023-04-18,132
133,Yasmin,Giovanitti,1998-05-28,2022-06-08,133
134,Claudio,Smeed,1968-05-03,2021-07-14,134
135,Cheryl,Whitehorn,1971-08-10,2023-09-04,135
136,Maurise,Skirlin,2010-03-13,2018-04-03,136
137,Romonda,Grief,1999-05-05,2020-09-16,137
138,Janka,Merle,1992-08-20,2023-02-08,138
139,Tripp,Rutgers,1966-01-27,2013-12-24,139
140,Lonni,Labrom,2015-04-15,2015-03-15,140
141,Vivianna,Loutheane,2008-10-25,2016-03-31,141
142,Hazlett,Maciocia,1962-06-28,2022-07-04,142
143,Aubrette,Culpan,2006-12-06,2015-05-03,143
144,Tybie,Tiplady,1978-07-11,2021-08-19,144
145,Ansley,Kryszkiecicz,2008-05-25,2020-10-18,145
146,Justina,Chalker,1990-02-06,2022-01-06,146
147,Davidson,Dominelli,1983-07-13,2014-05-20,147
148,Kamila,Jerisch,1991-01-31,2015-07-31,148
149,Christi,Farnin,2014-07-19,2022-04-30,149
150,Mame,Dowyer,2006-11-13,2023-06-21,150
151,Marius,Albury,1971-07-03,2019-04-24,151
152,Tawsha,Poff,1976-08-18,2019-12-13,152
153,Blakelee,Lermit,1971-10-04,2020-12-08,153
154,Lyndel,Connor,1972-08-15,2020-07-14,154
155,Daryl,Colquete,2001-02-25,2018-06-29,155
156,Dame,Riedel,1994-07-02,2022-11-18,156
157,Dolph,Ludgate,1973-04-08,2014-06-02,157
158,Teriann,Shegog,1959-09-17,2017-09-14,158
159,Hansiain,Hold,,2019-09-15,159
160,Moshe,Lea,1961-03-04,2017-10-30,160
161,Carlotta,Redihough,2010-03-12,2017-10-08,161
162,Colet,Warburton,1971-05-03,2020-07-23,162
163,Lorne,Atwel,1979-11-05,2016-04-08,163
164,Wait,Lauritsen,1987-12-31,2017-10-05,164
165,Molly,Shuttell,1989-07-09,2017-02-15,165
166,Griff,Eddowes,,2023-05-22,166
167,Chic,Culbard,1961-04-12,2019-02-24,167
168,Rayner,Bushill,,2017-02-17,168
169,Germaine,Palley,,2017-12-04,169
170,Arlin,Canete,1982-05-28,2023-02-08,170
171,Lester,Cutforth,,2015-08-27,171
172,Garik,Van Halen,,2017-03-05,172
173,Ermin,Pullin,1962-10-12,2016-10-22,173
174,Shelley,Dixie,1994-08-29,2014-06-12,174
175,Harley,Caukill,2002-08-28,2020-07-16,175
176,Dayle,Tomasoni,1990-07-22,2021-05-21,176
177,Effie,Rickerby,,2018-05-28,177
178,Hamlen,Wagge,1998-12-01,2022-05-28,178
179,Phillida,Mourge,1998-01-20,2016-09-15,179
180,Stesha,Prangley,1960-02-04,2016-12-07,180
181,Ashlee,Kenway,1966-06-15,2019-01-25,181
182,Jaime,Kilfether,,2020-03-29,182
183,Karita,Hardman,2011-12-24,2022-01-04,183
184,Alie,Castella,,2015-07-30,184
185,Terrance,Marklin,1985-08-05,2023-07-31,185
186,Carrol,Fulford,2008-10-27,2013-12-29,186
187,Bethina,Enrique,2009-12-04,2017-04-23,187
188,Yvonne,Marjoribanks,1965-07-09,2021-12-06,188
189,Doti,Dinneen,,2020-08-14,189
190,Daryl,Sallery,1975-01-10,2021-03-15,190
191,Bethany,Reding,,2014-06-28,191
192,Ross,Gonning,1993-06-28,2020-01-14,192
193,Adair,Plumstead,2003-11-25,2022-04-12,193
194,Hanni,Fowls,1995-12-14,2022-05-01,194
195,Esta,Pigney,2009-10-30,2020-10-11,195
196,Conn,Woollends,1966-08-18,2022-10-20,196
197,Nealson,Rodenborch,1969-05-19,2016-09-17,197
198,Lewes,Extance,2014-02-20,2022-12-06,198
199,Lester,Knaggs,1979-01-28,2018-06-21,199
200,Chucho,Alcott,1979-06-19,2020-01-26,200
201,Shirleen,Buckoke,1994-03-29,2022-11-04,201
202,Teddi,Robb,1993-10-30,2017-11-24,202
203,Gill,Risbie,2008-05-09,2022-07-18,203
204,Corina,Godwyn,1991-04-19,2016-08-21,204
205,Tova,Clemanceau,1961-06-22,2015-05-28,205
206,Flossie,Rupel,1982-07-17,2018-10-31,206
207,Polly,Cull,1976-05-18,2018-09-21,207
208,Ezmeralda,Jori,,2018-03-18,208
209,Homerus,Sjostrom,1976-02-23,2014-04-05,209
210,North,Coare,1985-06-16,2019-03-31,210
211,Cymbre,McGlone,2002-11-09,2019-09-30,211
212,Angy,Alster,2004-01-06,2021-04-11,212
213,Yehudi,Heald,1996-08-14,2014-12-14,213
214,Nester,Miliffe,,2016-04-20,214
215,Thorvald,Keeney,1988-11-06,2016-06-10,215
216,Alonso,Beat,1975-09-13,2021-03-31,216
217,Berky,Balmann,2001-01-29,2014-05-10,217
218,Thayne,Lauga,,2021-11-12,218
219,Gordan,Norledge,1992-01-21,2014-01-14,219
220,Cariotta,Seegar,2012-10-18,2019-04-26,220
221,Odelia,Philler,1999-06-03,2020-04-05,221
222,Auberta,Cunniam,1996-04-25,2020-05-19,222
223,Tory,MacRannell,1997-06-21,2017-08-03,223
224,Jo,Searles,2013-01-31,2016-12-27,224
225,Marisa,Halvorsen,,2022-07-20,225
226,Cosmo,Emma,2011-10-28,2020-10-25,226
227,Dorine,Jekel,2001-12-02,2019-05-02,227
228,Zarla,Beesley,2005-06-20,2021-04-09,228
229,Judith,Bestiman,1990-07-19,2021-05-20,229
230,Shana,Scouler,,2022-01-05,230
231,Irina,Nares,2011-08-01,2014-12-22,231
232,Danell,Bouchier,2004-07-09,2014-11-06,232
233,Wayne,Cutbush,2009-02-05,2016-03-31,233
234,Cointon,Grimsdith,,2014-05-13,234
235,Berenice,Crosseland,1961-11-20,2017-11-30,235
236,Cazzie,Illyes,1982-08-09,2020-05-25,236
237,Bastian,Pallent,2011-09-05,2020-01-14,237
238,Emiline,Whitley,2013-07-29,2020-01-01,238
239,Andrej,Blumer,2002-09-10,2015-02-15,239
240,Kingston,Beldom,1975-06-10,2023-05-15,240
241,David,Cleve,1960-05-31,2019-11-27,241
242,Milka,McCrann,1973-04-25,2014-02-09,242
243,Calli,Blasing,1959-10-04,2014-11-07,243
244,Agosto,Isacsson,1987-07-31,2018-09-13,244
245,Juliet,Pitson,1991-12-12,2014-08-26,245
246,Jocko,Pfaff,1992-02-13,2019-07-12,246
247,Lucinda,Buney,1984-01-28,2015-06-20,247
248,Arley,Hein,,2021-01-30,248
249,Calida,Brodley,1973-06-14,2022-10-14,249
250,Lotte,Hannay,1995-08-19,2018-06-26,250
251,Giuseppe,Rainer,1970-05-23,2020-01-21,251
252,Arley,Woodwind,1967-07-14,2023-01-18,252
253,Debra,Varrow,1975-01-01,2023-01-17,253
254,Salim,Aries,,2020-02-21,254
255,Jewel,Girodin,1999-01-08,2015-09-21,255
256,Megan,Nutter,1988-10-29,2018-03-14,256
257,Kissiah,Besant,2012-06-05,2021-04-03,257
258,Winnifred,Suatt,2004-10-15,2020-08-20,258
259,Temple,Mensler,,2022-01-18,259
260,Sybila,O'Regan,2011-02-26,2017-11-13,260
261,Ethelyn,Leupoldt,,2017-07-10,261
262,Annmarie,Garland,2009-04-03,2015-09-02,262
263,Prudy,Janisson,1986-12-04,2019-07-16,263
264,Holt,Revitt,1975-10-26,2020-09-29,264
265,Maggy,Pablos,1983-12-14,2014-06-04,265
266,Waldemar,Hufton,1962-07-02,2018-01-29,266
267,Joell,Willard,2007-05-20,2021-01-11,267
268,Gawain,Humber,,2019-12-01,268
269,Sampson,Chason,1971-09-28,2020-03-24,269
270,Rochelle,Cocksedge,1988-05-29,2022-03-09,270
271,Weber,Simonard,,2023-08-24,271
272,Brandtr,Birbeck,1979-08-10,2017-11-03,272
273,Caleb,Kick,1973-05-11,2020-09-09,273
274,Agnella,Mompesson,2010-01-14,2015-05-22,274
275,Dirk,Jaqueme,2010-07-24,2014-02-17,275
276,Jerrie,Wolpert,1988-11-06,2019-05-17,276
277,Jackqueline,Fifield,,2017-12-23,277
278,Giff,Lyle,1982-01-14,2018-03-13,278
279,Gertie,Maskrey,1967-09-26,2022-03-08,279
280,Reggie,Dominelli,1959-04-25,2019-10-13,280
281,Laney,MacGoun,1960-04-15,2019-05-05,281
282,Cliff,Rushford,1959-07-21,2021-01-21,282
283,Ulrica,Coupland,,2021-05-02,283
284,Gloria,Brasseur,,2018-03-17,284
285,Michale,Catteroll,1973-07-08,2023-06-03,285
286,Gretchen,De Meis,1975-11-02,2020-08-18,286
287,Frederica,Stean,1994-09-18,2023-08-02,287
288,Trenna,Yukhin,2012-12-24,2019-10-20,288
289,Reed,Callacher,1978-02-15,2017-12-16,289
290,Marcelia,Ginnane,2012-11-25,2022-09-24,290
291,Ginelle,Weinmann,1961-05-03,2017-01-11,291
292,Jack,Kainz,1963-06-21,2021-07-18,292
293,Becky,Phin,,2018-11-28,293
294,Nadine,Echallie,1992-09-16,2017-07-12,294
295,Gabi,Claybourne,1983-05-04,2014-10-27,295
296,Selma,Mixter,1983-05-28,2020-10-28,296
297,Lucina,Chester,,2023-01-27,297
298,Lesly,Westley,1982-11-18,2019-09-10,298
299,Joscelin,Bruhke,,2015-04-03,299
300,Charlton,Cossentine,1986-01-01,2023-04-08,300
301,Phil,Josefson,1959-11-19,2013-12-04,301
302,Kora,Demann,2007-05-08,2016-12-22,302
303,Annelise,Lorraine,1988-05-22,2015-12-22,303
304,Cullie,Nanson,,2015-09-03,304
305,Carr,O'Geaney,2002-04-30,2023-01-24,305
306,Abraham,Dunford,1973-08-31,2023-05-10,306
307,Ximenes,Silley,2002-02-12,2016-04-12,307
308,Bella,McCambrois,1981-09-02,2023-06-22,308
309,Salomo,Pennazzi,1968-07-05,2019-04-17,309
310,Rowe,Lambol,1967-02-17,2019-04-30,310
311,Bell,Harbard,2012-02-10,2015-06-10,311
312,Kerwinn,Clinch,1993-08-09,2020-07-29,312
313,Nettle,Dunne,1979-10-17,2016-08-08,313
314,Van,Dosdill,,2014-06-27,314
315,Lenora,Tinsley,1990-05-24,2020-06-01,315
316,Dewey,Biddiss,,2022-11-06,316
317,Bernete,Aubin,2005-07-14,2020-03-18,317
318,Dalenna,Simcox,,2015-08-22,318
319,Ginnifer,Toseland,1991-08-15,2013-12-17,319
320,Carin,Medler,1969-09-01,2019-06-03,320
321,Rosita,Hainsworth,1963-04-15,2021-06-04,321
322,Gray,Edlyn,2006-02-26,2017-04-04,322
323,Jessi,Moulden,1983-08-14,2022-05-20,323
324,Lodovico,Crabtree,,2020-09-21,324
325,Kip,Borkin,,2021-10-06,325
326,Celle,Cretney,2007-05-20,2016-05-15,326
327,Carlynne,Fulstow,2015-01-26,2021-02-14,327
328,Wylie,Rickerd,,2020-10-27,328
329,Ermentrude,Cinavas,,2023-09-19,329
330,Verna,Everett,2005-02-27,2022-03-31,330
331,Layla,Rantoul,1959-03-01,2015-08-10,331
332,Sande,Marzella,1975-11-04,2015-08-25,332
333,Eleanore,Riehm,1993-09-03,2019-01-03,333
334,Nady,Bogey,1987-09-23,2021-07-09,334
335,Welsh,Danby,1999-10-08,2020-11-26,335
336,Marisa,Duncanson,1964-04-09,2015-09-20,336
337,Silvester,Clitheroe,2007-03-06,2019-10-02,337
338,Isador,Ritmeyer,1995-12-18,2014-02-25,338
339,Ashla,Forestall,,2014-08-21,339
340,Flora,Sommers,,2014-05-02,340
341,Edeline,Coper,2004-01-12,2016-08-17,341
342,Caril,Taks,1959-03-26,2018-02-12,342
343,Bobine,Nequest,1964-01-12,2021-06-07,343
344,Sally,Delacote,1989-11-29,2021-04-21,344
345,Ezri,Stoke,2008-08-24,2017-08-02,345
